{
    "5244268759_au": 1769426598.4756498,
    "6124719858_au": 1769530112.5787024,
    "7008340976_au": 1769442412.5849874,
    "8405338816_chk": 1769443740.3728225,
    "8457327101_chk": 1769456540.3571572,
    "1767246439_au": 1769527144.7050936,
    "1767246439_xc": 1769511137.274034,
    "1767246439_xx": 1769527254.1658394,
    "7334382967_chk": 1769529950.6455328,
    "6124719858_chk": 1769530506.733974,
    "6124719858_xx": 1769530448.2641497,
    "7334382967_au": 1769530285.143327,
    "1767246439_xp": 1769531456.7319746
}